{"modelling":{"id":"50974832111b15546107c9f15fcd7ffbeb31a7db","trg_seq":"MTLSILVAHDLQRVIGFENQLPWHLPNDLKHVKKLSTGHTLVMGRKTFESIGKPLPNRRNVVLTSDTSFNVEGVDVIHSIEDIYQLPGHVFIFGGQTLFEEMIDKVDDMYITVIEGKFRGDTFFPPYTFEDWEVASSVEGKLDEKNTIPHTFLHLIRKK","tpl_seq":"MTLSILVAHDLQRVIGFENQLPWHLPNDLKHVKKLSTGHTLVMGRKTFESIGKPLPNRRNVVLTSDTSFNVEGVDVIHSIEDIYQLPGHVFIFGGQTLFEEMIDKVDDMYITVIEGKFRGDTFFPPYTFEDWEVASSVEGKLDEKNTIPHTFLHLIRKK","pdb_id":"6e4e","chain":"A","method":"X-RAY DIFFRACTION","short_method":"X-ray","coverage":1.0,"resolution":1.9000000953674316,"description":"Dihydrofolate reductase","seq_sim":0.6192866563796997,"assembly_id":1,"score":2.209324836730957,"pred_lddt":0.9904625415802002,"seq_id":100.0,"found_by":"HHblits","oligo_state":"monomer","comment":"e_value=4.7e-40, p_value=3.1e-44, score=252.2, ss_score=19.6, prob=100, gmqe_dist_const=0.962411105632782, gmqe_reduced=0.05496470257639885, gmqe_cb_packing=-0.10090867429971695, gmqe_torsion=-0.48079824447631836, gmqe_ss_agreement=0.8444657325744629, gmqe_coverage=1.0, gmqe_seq_id=100.0, gmqe_seq_sim=0.6192872524261475, gmqe_n_insertions=0, gmqe_n_deletions=0, gmqe_seqres_length=159, gmqe_seqres_coverage=1.0, gmqe_profile_aln_score=252.2, gmqe_avg_entropy=2.138794183731079","offset":23,"afdb_struct_serve_idx":null,"starttime":"15-11-24 (21:25:12)","QMean":{"global_scores":{"qmean4_norm_score":0.8155097529010352,"qmean4_z_score":0.7385092595669961,"qmean6_norm_score":0.8250240041927315,"qmean6_z_score":0.9281958233241189,"interaction_norm_score":-0.026987266321900835,"interaction_z_score":0.20779276206263866,"cbeta_norm_score":-0.00967122695512913,"cbeta_z_score":-0.7632539370296759,"packing_norm_score":-0.40079316287447914,"packing_z_score":0.37921279399723723,"torsion_norm_score":-0.44140030949962356,"torsion_z_score":0.7872051283067,"ss_agreement_norm_score":0.8715925819984397,"ss_agreement_z_score":1.3688049298592508,"acc_agreement_norm_score":0.6226415094339622,"acc_agreement_z_score":-0.36808401616565756,"avg_local_score":0.9071428759735398,"avg_local_score_error":0.066},"local_scores":{"A":[0.8518010331897865,0.8909089700662645,0.9541173399091097,0.9571074552226864,0.966097083570636,0.9543640248924135,0.9662635695802324,0.9773250695809953,0.9543315552747395,0.9568198582874023,0.9473372001141521,0.904738753068643,0.9000478245337897,0.9525309798347269,0.9448960262225734,0.9293745286241628,0.9104927928204194,0.8364685159159484,0.8693017562114655,0.8483657923977228,0.9075196335252245,0.9206862606758424,0.8882215128312835,0.8983642386525975,0.9421279324364255,0.9378439789683779,0.9184885412181908,0.9376619412238264,0.9148276422474637,0.8875740213733287,0.8975125659348916,0.9351986292700707,0.8867584127224085,0.8808809670981016,0.9278587048075402,0.9342348652630162,0.9079522637967951,0.8841238468619014,0.9250679683898402,0.950735615929174,0.9591716077306134,0.9820209104738545,0.9403525871588193,0.9629027675718885,0.8903961740664161,0.8987758510881207,0.9318989758066294,0.9324839324337855,0.882591058968592,0.889732279847728,0.89690872042387,0.9128371369686608,0.8516401637128344,0.9327188622607272,0.914494033540607,0.9156119273542315,0.8846542733416035,0.857822660172163,0.8933382101683536,0.9509396164768242,0.968728787152382,0.9666917151367439,0.95403356772715,0.9326388358013197,0.8211836077920243,0.7940975360523848,0.7754738969136753,0.782565211471966,0.7895087923916206,0.8341066305476478,0.8366532745116694,0.8463164079594921,0.9214361303604189,0.9355882120805493,0.9322424442595848,0.9278952748742759,0.9383203016728223,0.8825478371533895,0.9186249913488015,0.9363065847753917,0.8921227033220556,0.9237039802162967,0.9361885063019955,0.8731467154280312,0.801424047399595,0.8820216189207253,0.9264990689202218,0.9215106464338528,0.9225093277390553,0.9639140171807942,0.952440478915652,0.9613130321002623,0.9426113244400544,0.9694538724030173,0.9739186245802993,0.9110878722899275,0.9386317211585504,0.9483340708829027,0.9519282163585523,0.9254564809032781,0.9235612777196254,0.9245200237204874,0.9373663019247589,0.912716200757842,0.9025891449187146,0.9463338212239186,0.9210112260624322,0.9362595394370709,0.9372255592732726,0.9636078379092832,0.9570560170888558,0.9661982385056145,0.9767943835170589,0.9596391454196975,0.9229522697535827,0.9541870879450672,0.9040766878003847,0.8997725323225606,0.8574820212074582,0.924416383012266,0.9261744028159725,0.9334145368998462,0.9414608380066011,0.9448565997752115,0.9589454480652267,0.9501268311816797,0.9231813302913704,0.894243312800765,0.8469189460951145,0.8340147498543707,0.9006060986034508,0.8812106771277888,0.8747699245967564,0.8970319394998035,0.9096651070031293,0.8943369498475593,0.8877942440062678,0.8523442503089143,0.8010054215282861,0.8508431081330882,0.8014817648181372,0.8190827248067541,0.7945681518367824,0.7900330360104846,0.815686170061363,0.8408377661095484,0.859243309046032,0.9163825815814465,0.9536028976258814,0.9330765049063574,0.920633559492875,0.9352221130829047,0.9388842975634284,0.9266060831939897,0.9263647877817734,0.89619891878917,0.82522555517693,0.81194848903683,0.7491303649219881]},"qmean_version":"4.3.1"},"title":"Modelling","endtime":"15-11-24 (21:25:22)","mod_engine":["ProMod3"],"ProMod3":{"version":"3.4.1"},"ProMod":null,"MODELLER":null,"SPDBV":null}}
