{"modelling":{"id":"791107c45c88acbe353f25fd108d769abda8e483","trg_seq":"MTLSILVAHDLQRVIGFENQLPWHLPNDLKHVKKLSTGHTLVMGRKTFESIGKPLPNRRNVVLTSDTSFNVEGVDVIHSIEDIYQLPGHVFIFGGQTLFEEMIDKVDDMYITVIEGKFRGDTFFPPYTFEDWEVASSVEGKLDEKNTIPHTFLHLIRKK","tpl_seq":"MTLSILVAHDLQRVIGFENQLPWHLPNDLKHVKKLSTGHTLVMGRKTFESIGKPLPNRRNVVLTSDTSFNVEGVDVIHSIEDIYQLPGHVFIFGGQTLFEEMIDKVDDMYITVIEGKFRGDTFFPPYTFEDWEVASSVEGKLDEKNTIPHTFLHLIRKK","pdb_id":"2w9g","chain":"A","method":"X-RAY DIFFRACTION","short_method":"X-ray","coverage":1.0,"resolution":1.9500000476837158,"description":"DIHYDROFOLATE REDUCTASE","seq_sim":0.6192866563796997,"assembly_id":1,"score":2.209324836730957,"pred_lddt":0.9800264835357666,"seq_id":100.0,"found_by":"HHblits","oligo_state":"monomer","comment":"e_value=8.2e-42, p_value=5.5e-46, score=254.9, ss_score=21.4, prob=100, gmqe_dist_const=0.9600483179092407, gmqe_reduced=0.06289764493703842, gmqe_cb_packing=-0.11423134058713913, gmqe_torsion=-0.41406652331352234, gmqe_ss_agreement=0.8837249279022217, gmqe_coverage=0.9874213933944702, gmqe_seq_id=100.0, gmqe_seq_sim=0.6194093227386475, gmqe_n_insertions=0, gmqe_n_deletions=0, gmqe_seqres_length=159, gmqe_seqres_coverage=1.0, gmqe_profile_aln_score=254.9, gmqe_avg_entropy=2.138794183731079","offset":0,"afdb_struct_serve_idx":null,"starttime":"18-11-24 (17:57:51)","QMean":{"global_scores":{"qmean4_norm_score":0.8055681402414097,"qmean4_z_score":0.5178661912070667,"qmean6_norm_score":0.8146915142673847,"qmean6_z_score":0.7058976437041383,"interaction_norm_score":-0.026808918282281383,"interaction_z_score":0.16755451875102229,"cbeta_norm_score":-0.01216294388561124,"cbeta_z_score":-0.27942537359916825,"packing_norm_score":-0.40114168061690914,"packing_z_score":0.3675627860131397,"torsion_norm_score":-0.39744621452196727,"torsion_z_score":0.464528435088862,"ss_agreement_norm_score":0.8657939562894357,"ss_agreement_z_score":1.2690323905075425,"acc_agreement_norm_score":0.6114649681528662,"acc_agreement_z_score":-0.4545498049119744,"avg_local_score":0.907953598979653,"avg_local_score_error":0.066},"local_scores":{"A":[null,0.921087413064029,0.9437769617359348,0.9622205633657753,0.9670164256536102,0.9582065193343314,0.9661232691443671,0.9677090433407787,0.944418433516421,0.9495185351291967,0.9440417991248724,0.898180740868508,0.8910580344742368,0.9505917443445598,0.9377829926424658,0.9257446916210628,0.9039842989172938,0.8290096598643699,0.8628866161158062,0.8462558959388295,0.9107179753723474,0.923192001394112,0.8866295074646662,0.8967916929900726,0.936363158944131,0.9332624182351688,0.9203779170645823,0.9298851098006209,0.9095780808701786,0.8688130241761659,0.8858620840847723,0.9251920323211281,0.8629869048161072,0.8441152370940257,0.9159724719166963,0.9246098661636245,0.8988826571228474,0.8827972120671609,0.909310857551226,0.9442515589604175,0.9517114243414013,0.9775936519008981,0.9373030765607047,0.9640420312604577,0.8825115112292569,0.8924839514338013,0.9347617978301507,0.9299638756589464,0.8840300001653434,0.8916726490032618,0.9046539202250216,0.9302456334620542,0.897385684317183,0.9373472454950802,0.9163910591004434,0.9213691139597109,0.8782922785767487,0.8626474337232888,0.8847699167384645,0.946916066919454,0.9649210135749332,0.9652794053690058,0.9431629043996201,0.9211152218233338,0.8521852947087353,0.8475415129745738,0.820153759072256,0.810787328843384,0.8331811258713787,0.8429679816021505,0.847155132937184,0.8434921687377998,0.9256637619081018,0.9426463490681238,0.9333696908825693,0.9247728023015185,0.927647445648915,0.8889664003331061,0.9157756626870553,0.9329431870272592,0.8865394893942761,0.9140587989410244,0.9282255333032318,0.8776069437885001,0.8025191262193015,0.8925153502404287,0.9149711451711042,0.9298021159816732,0.919361086550299,0.962401265290057,0.9525157656881744,0.9610888479684134,0.940709595747782,0.971525194679821,0.966706825312582,0.9076057954250241,0.9392703762114886,0.9507211612961768,0.9525537514709366,0.9194022523891601,0.9179773126290453,0.9242758143815158,0.9363850817980954,0.9116114367134126,0.9042972650490947,0.9442638713707597,0.9259255563696367,0.938582354843765,0.9388223345759035,0.9465609370679526,0.9486875064052925,0.9526279434102799,0.9634242969160036,0.9474881776976012,0.9175333163211176,0.9517317573525045,0.895004696595228,0.9081286404973709,0.8628175798297608,0.9249703329007036,0.9220549608863472,0.9335678663492919,0.9332568714412274,0.9338337787515871,0.9551302304023596,0.9469681695231635,0.9123009871554223,0.9004948333440058,0.8729897695808907,0.839066875308169,0.8970939876734362,0.8759674367759276,0.864985954411048,0.8908213447013464,0.9028584534335236,0.8783353164768228,0.8799151760779574,0.8794890598385683,0.8151912068967812,0.8708232342581425,0.8115611590508545,0.8473803729479549,0.7939965546922604,0.7702422239092904,0.8050464792141975,0.8709386925647481,0.8829420589827401,0.9349749019933622,0.9472499268416305,0.9268584496234582,0.9188861722361734,0.9287404283684773,0.9335835700898516,0.9222909061690006,0.9160042119484741,0.886830138090585,0.7962732572293446,0.8095275104934655,null]},"qmean_version":"4.3.1"},"title":"Modelling","endtime":"18-11-24 (17:57:59)","mod_engine":["ProMod3"],"ProMod3":{"version":"3.4.1"},"ProMod":null,"MODELLER":null,"SPDBV":null}}
