{"modelling":{"id":"ff3a2a9f1d12b172164dae044f55d752cf7a58f9","trg_seq":"MTLSILVAHDLQRVIGFENQLPWH-LPNDLKHVKKLSTGHTL-------VMGRKTFESI---GKPLPNRRNVVLTSDTSFNVEGVDVI-HSIEDIYQLPGH---------VFIFGGQTLFEEMIDKVD--DMYITVIEGKFRGDTFFPPYTFEDWEVASSVEGKLDEKNTIPHTFLHLIRKK","tpl_seq":"-SLNCIVAVSQNMGIGKNGDLPWPPLRNEFRYFQRMTTTSSVEGKQNLVIMGKKTWFSIPEKNRPLKGRINLVLSRELKEPPQGAHFLSRSLDDALKLTEQPELANKVDMVWIVGGSSVYKEAMNHPGHLKLFVTRIMQDFESDTFFPEIDLEKYKLLPEYPGVLSD---------------","pdb_id":"2w3m","chain":"A","method":"X-RAY DIFFRACTION","short_method":"X-ray","coverage":0.8993710875511169,"resolution":1.600000023841858,"description":"DIHYDROFOLATE REDUCTASE","seq_sim":0.36736607551574707,"assembly_id":1,"score":1.4393174648284912,"pred_lddt":0.6033419966697693,"seq_id":30.069929122924805,"found_by":"BLAST","oligo_state":"monomer","comment":"e_value=8.21994e-09, bit_score=53.1434, score=126, gmqe_dist_const=0.710517942905426, gmqe_reduced=0.09024930745363235, gmqe_cb_packing=-0.025305356830358505, gmqe_torsion=-0.2707725465297699, gmqe_ss_agreement=0.6046727895736694, gmqe_coverage=0.8993710875511169, gmqe_seq_id=30.069929122924805, gmqe_seq_sim=0.3673659563064575, gmqe_n_insertions=0, gmqe_n_deletions=6, gmqe_seqres_length=159, gmqe_seqres_coverage=0.89937106918239, gmqe_profile_aln_score=196.24424743652344, gmqe_avg_entropy=2.138794183731079","offset":3,"afdb_struct_serve_idx":null,"starttime":"18-11-24 (03:20:44)","QMean":{"global_scores":{"qmean4_norm_score":0.6972286042816573,"qmean4_z_score":-1.6926192197635284,"qmean6_norm_score":0.684954477943022,"qmean6_z_score":-1.8507175795051858,"interaction_norm_score":-0.01798932367473372,"interaction_z_score":-1.2301460887081292,"cbeta_norm_score":-0.010143976216326579,"cbeta_z_score":-0.6390990123825775,"packing_norm_score":-0.3269126436386544,"packing_z_score":-0.6636977067827732,"torsion_norm_score":-0.1460376516882357,"torsion_z_score":-1.3526566593531644,"ss_agreement_norm_score":0.6145188388458642,"ss_agreement_z_score":-0.5409708785357986,"acc_agreement_norm_score":0.5594405594405595,"acc_agreement_z_score":-1.0184760067479943,"avg_local_score":0.7192805122442429,"avg_local_score_error":0.067},"local_scores":{"A":[null,0.48991619961356686,0.7255502107826752,0.7912746606191045,0.8248812675281549,0.8100080300019294,0.8842893041179339,0.8922079972021288,0.8605169840322475,0.873774921315956,0.8729433614260569,0.7424514086385657,0.7464627598516897,0.8883794131023304,0.8655472884791698,0.8524007583475091,0.8601859592517593,0.7769042678755904,0.7551581065750885,0.7901310737034647,0.8038927269968721,0.7860874855318765,0.7000538156851344,0.7719774904681962,0.6491852109490399,0.6675674063352813,0.5577689773137313,0.733983773279175,0.8070869005521398,0.7691578517899021,0.7560642091335199,0.806573703820484,0.7777665015372274,0.7587980690693013,0.7583987469272465,0.806571521843257,0.799764121021209,0.8365402074344381,0.7516206348652938,0.7330197900794232,0.7596641426200078,0.8264010294505633,0.808269044393679,0.8378691085010753,0.701477165702936,0.7795967807159284,0.8229527069222428,0.7758695232821066,0.7657873750833499,0.8262767905734525,0.832177986827734,0.7237852166076026,0.7382141528724278,0.8148001739243264,0.8429773416760074,0.8255797982941175,0.7955007451676684,0.7032260889721377,0.6426157475238301,0.7509184770991183,0.7615570512445052,0.7792920310933447,0.7899680512073014,0.7551259052764863,0.7598494042831129,0.6505581285551564,0.5372218666248287,0.7153910379481501,0.5970517289556609,0.4732793518680397,0.5816868925272176,0.5897306762011006,0.6411998832295057,0.808960102001439,0.6138154125940889,0.5756006775662763,0.5982656262369958,0.5854750716094913,0.622627459151875,0.6565158821515202,0.7132882373902685,0.6611669717115336,0.5763699553957562,0.6183269160593307,0.7525119457451586,0.3696124971009449,0.5837079377365092,0.7355091546009496,0.7462121568387955,0.777490577650407,0.7761702072516317,0.8014882586243206,0.8661187865792817,0.8902234330596017,0.8786020849744495,0.7507237058425892,0.7827543386353076,0.8431709153825421,0.7948395840475457,0.7044499483902874,0.7337122322731789,0.7561815043896645,0.694368010649811,0.647463382183419,0.6260647092199341,0.459005019740205,0.7247767046604725,0.7801590125681956,0.7513105348770258,0.7551086744470269,0.7604969129572132,0.7761639581032993,0.8129875734407035,0.8305831328789697,0.7894020985768492,0.877914923410652,0.8455583174100205,0.8771862960722756,0.8054316307993556,0.8794031625101291,0.842051171708976,0.831506521566623,0.8190849518686001,0.847430387941755,0.8521667318981169,0.8179394107537505,0.7196325481416788,0.5783092153384501,0.5947377901511111,0.5673158963598913,0.6281879014795441,0.5492617837768147,0.6653727030940503,0.6062105906637277,0.5565756079678913,0.24990776909674725,0.24378636544289703,0.37136362489281094,0.4125848967312212,0.6393020453352533,0.5061626181458846,0.4016600372181356,0.3677184506232183,0.38083407290995996,null,null,null,null,null,null,null,null,null,null,null,null,null,null,null]},"qmean_version":"4.3.1"},"title":"Modelling","endtime":"18-11-24 (03:20:53)","mod_engine":["ProMod3"],"ProMod3":{"version":"3.4.1"},"ProMod":null,"MODELLER":null,"SPDBV":null}}
