{"modelling":{"id":"156cbbe8438fc72b3244cfa5cee107ff33231836","trg_seq":"MTLSILVAHDLQRVIGFENQLPWHLPNDLKHVKKLSTGHTLVMGRKTFESIGKPLPNRRNVVLTSDTSFNVEGVDVIHSIEDIYQLPGHVFIFGGQTLFEEMIDKVDDMYITVIEGKFRGDTFFPPYTFEDWEVASSVEGKLDEKNTIPHTFLHLIRKK","tpl_seq":"MTLSILVAHDLQRVIGFENQLPWHLPNDLKHVKKLSTGHTLVMGRKTFESIGKPLPNRRNVVLTSDTSFNVEGVDVIHSIEDIYQLPGHVFIFGGQTLFEEMIDKVDDMYITVIEGKFRGDTFFPPYTFEDWEVASSVEGKLDEKNTIPHTFLHLIRKK","pdb_id":"2w9h","chain":"A","method":"X-RAY DIFFRACTION","short_method":"X-ray","coverage":1.0,"resolution":1.4800000190734863,"description":"DIHYDROFOLATE REDUCTASE","seq_sim":0.6192866563796997,"assembly_id":1,"score":2.209324836730957,"pred_lddt":0.9697311520576477,"seq_id":100.0,"found_by":"HHblits","oligo_state":"monomer","comment":"e_value=8.2e-42, p_value=5.5e-46, score=254.9, ss_score=21.4, prob=100, gmqe_dist_const=0.9459527134895325, gmqe_reduced=0.07501251995563507, gmqe_cb_packing=-0.11268163472414017, gmqe_torsion=-0.47123029828071594, gmqe_ss_agreement=0.8836069107055664, gmqe_coverage=0.9874213933944702, gmqe_seq_id=100.0, gmqe_seq_sim=0.6194093227386475, gmqe_n_insertions=0, gmqe_n_deletions=0, gmqe_seqres_length=159, gmqe_seqres_coverage=1.0, gmqe_profile_aln_score=254.9, gmqe_avg_entropy=2.138794183731079","offset":0,"afdb_struct_serve_idx":null,"starttime":"18-11-24 (17:57:53)","QMean":{"global_scores":{"qmean4_norm_score":0.8209724717742509,"qmean4_z_score":0.82938013867732,"qmean6_norm_score":0.8250771800710556,"qmean6_z_score":0.9106605598252471,"interaction_norm_score":-0.027838601369653965,"interaction_z_score":0.3337329241518335,"cbeta_norm_score":-0.010422511284675591,"cbeta_z_score":-0.6130683819199045,"packing_norm_score":-0.3946730539345058,"packing_z_score":0.2784705178390911,"torsion_norm_score":-0.45659974210490806,"torsion_z_score":0.8843981264681056,"ss_agreement_norm_score":0.8632323678084619,"ss_agreement_z_score":1.2521091668653137,"acc_agreement_norm_score":0.5987261146496815,"acc_agreement_z_score":-0.5893483685384023,"avg_local_score":0.9019116572946025,"avg_local_score_error":0.066},"local_scores":{"A":[null,0.9216328041326798,0.9422121080112744,0.961767615021629,0.965398580632943,0.9581520196751672,0.9688084222582634,0.9700082904407129,0.9464040174665689,0.9454253014872047,0.9364026092019421,0.89049677281124,0.8842188713668736,0.9418983225363323,0.9331927807757796,0.9240468255053396,0.8846187050168622,0.837073805063187,0.8587755219677787,0.853276673191048,0.8879417057218715,0.8920783461805206,0.8580394243656319,0.8782222521254128,0.9166218329348425,0.9138107632844195,0.9169177856739271,0.9235501421783803,0.905884831710898,0.8734576103729353,0.8953817327940068,0.9346825473970306,0.8812562823589831,0.8730274642149408,0.9322270899424457,0.9309157443677816,0.9032020058860336,0.8961498461039645,0.909748942944499,0.9506535361975875,0.9581974347635174,0.981447145850319,0.9399555015339166,0.964085960422874,0.8867311919488553,0.8981986381810352,0.9316742093052696,0.9245615351681578,0.8820720103275392,0.8922469574992029,0.8917399687022154,0.9031817200979957,0.8681076099528543,0.9137233031396818,0.892341301662707,0.899062357872821,0.8799005724551824,0.8623739771224914,0.8892337796186247,0.9444262103545592,0.9643885530697225,0.9612972010045101,0.9429985002142093,0.9138918097987323,0.8374259572453865,0.8085127370522579,0.775314255041569,0.7783701964923064,0.812154683847136,0.8276836137601686,0.8437681949524433,0.8279115353922409,0.9068116516215319,0.9333706144525212,0.9286653662102159,0.922017937004254,0.9160205183323589,0.8839576533980513,0.9058675539042659,0.9241783960782759,0.8760933084115401,0.9079056863060355,0.9204328883630009,0.8833466436456894,0.8383455566444464,0.8698182227963208,0.9033258005835249,0.9163402494595959,0.9149865351212424,0.9637334514050626,0.9580644348747781,0.9631490884840523,0.9486629228299992,0.9758042007636919,0.9662393276389251,0.9117803423853275,0.9347076180039621,0.9522310956336244,0.9539401773716465,0.9242593336118918,0.9177335045901477,0.9276941934309306,0.9393502200256862,0.906259426961389,0.8982555009627756,0.9352214630683692,0.9147458122721228,0.9299829445336371,0.9380510130034023,0.943888435012368,0.9471701509206566,0.9547948529124839,0.9626541337884652,0.9465105389696022,0.9053592803910966,0.945973572921492,0.8884474109163264,0.8954840905150526,0.8367661214785175,0.9213828880185726,0.9168265697735971,0.9288598358651324,0.9242753890148672,0.9344209575266629,0.9570095962682932,0.9421270636029214,0.9078862787157441,0.8798437256722162,0.8533212170448462,0.8169247350786762,0.8779839026054191,0.8601126057778044,0.8419793229985545,0.8735784478438962,0.8823267614994673,0.8720732661131552,0.8740302625087475,0.8851921277304823,0.8648376862231032,0.8944112535685269,0.8079298459504634,0.8222698231169959,0.7851197383361583,0.768578100872063,0.8169399119233182,0.8533435192112364,0.8603518663877013,0.9162140370298676,0.9513191965397519,0.9393200965592027,0.9420095878240864,0.9270177856052136,0.9255534737505641,0.9093853015152464,0.9072424167906668,0.8671321486895516,0.7282413559759117,0.7298002965440031,null]},"qmean_version":"4.3.1"},"title":"Modelling","endtime":"18-11-24 (17:58:02)","mod_engine":["ProMod3"],"ProMod3":{"version":"3.4.1"},"ProMod":null,"MODELLER":null,"SPDBV":null}}
