{"modelling":{"id":"e8dd7db8bca3d778e37b75be88299509d31d1439","trg_seq":"MTLSILVAHDLQRVIGFENQLPWHLPNDLKHVKKLSTGHTLVMGRKTFESIGKPLPNRRNVVLTSDTSFNVEGVDVIHSIEDIYQLPGHVFIFGGQTLFEEMIDKVDDMYITVIEGKFRGDTFFPPYTFEDWEVASSVEGKLDEKNTIPHTFLHLIRKK","tpl_seq":"-TLSILVAHDLQRVIGFENQLPWHLPNDLKHVKKLSTGHTLVMGRKTFESIGKPLPNRRNVVLTSDTSFNVEGVDVIHSIEDIYQLPGHVFIFGGQTLFEEMIDKVDDMYITVIEGKFRGDTFFPPYTFEDWEVASSVEGKLDEKNTIPHTFLHLIRKK","pdb_id":"6pr8","chain":"A","method":"X-RAY DIFFRACTION","short_method":"X-ray","coverage":0.9937106966972351,"resolution":2.009999990463257,"description":"Dihydrofolate reductase","seq_sim":0.6194087266921997,"assembly_id":1,"score":2.195772647857666,"pred_lddt":0.982893168926239,"seq_id":100.0,"found_by":"HHblits","oligo_state":"monomer","comment":"e_value=4.9e-41, p_value=3.3e-45, score=250.8, ss_score=21.4, prob=100, gmqe_dist_const=0.96474289894104, gmqe_reduced=0.07763605564832687, gmqe_cb_packing=-0.10900458693504333, gmqe_torsion=-0.4275350570678711, gmqe_ss_agreement=0.8891069293022156, gmqe_coverage=0.9937106966972351, gmqe_seq_id=100.0, gmqe_seq_sim=0.6194093227386475, gmqe_n_insertions=0, gmqe_n_deletions=0, gmqe_seqres_length=159, gmqe_seqres_coverage=0.9937106918238994, gmqe_profile_aln_score=250.8, gmqe_avg_entropy=2.138794183731079","offset":0,"afdb_struct_serve_idx":null,"starttime":"18-11-24 (17:57:48)","QMean":{"global_scores":{"qmean4_norm_score":0.8221114109283825,"qmean4_z_score":0.8737618099519496,"qmean6_norm_score":0.8314902545704256,"qmean6_z_score":1.0639343881761016,"interaction_norm_score":-0.026403560735932936,"interaction_z_score":0.10369971877944757,"cbeta_norm_score":-0.010964434095835196,"cbeta_z_score":-0.5078626789875734,"packing_norm_score":-0.39580434972208134,"packing_z_score":0.29924360963474067,"torsion_norm_score":-0.4576237809227465,"torsion_z_score":0.9081310938650313,"ss_agreement_norm_score":0.874435640187769,"ss_agreement_z_score":1.3770109050333528,"acc_agreement_norm_score":0.620253164556962,"acc_agreement_z_score":-0.3748510907358879,"avg_local_score":0.9079998229246875,"avg_local_score_error":0.066},"local_scores":{"A":[null,0.9376436071515815,0.9533475397973277,0.962739567540845,0.9656447464654881,0.9562779050496869,0.9639406300061243,0.9742630980977004,0.9531247323370023,0.9567526467856615,0.9499151761799524,0.9003878731461217,0.8944620577788381,0.9502084505113394,0.9422258552520901,0.9282396266643649,0.9069231541905804,0.8389584344586005,0.8791501306778218,0.8599325409798324,0.9142018214846662,0.9298865037302,0.8906158406463955,0.9028560425012129,0.9336707013821854,0.9343470367325268,0.9192900505235404,0.934802053261735,0.9098398105284002,0.8737832615193879,0.8867439884871607,0.9289173841344902,0.8720862831054308,0.8602664893250347,0.9219617909355298,0.9267678555722458,0.8977939684128365,0.8812713454270837,0.9153817896089605,0.9496363690511286,0.9592469705031191,0.9816390000164735,0.9394027045665124,0.9624681805133429,0.8861618538505629,0.8969807438071481,0.9354707722404713,0.9299619258947295,0.884652801351183,0.8952815991549423,0.9061519284159918,0.9195423516073447,0.8825861045646155,0.9339897766666587,0.9106409471590406,0.9122526431347167,0.8789420669698109,0.8689235562635025,0.8923572915870458,0.9490841806284684,0.9662645127131727,0.9652433610316755,0.9465086287312264,0.9279916571444994,0.8292155834792059,0.807294691313666,0.7927607553078503,0.8017016196150843,0.7973019165759501,0.8366704418915358,0.8286032206166442,0.8478067319606833,0.9226751079323299,0.9373862385772629,0.9323646850550152,0.926601980946689,0.9326878476054237,0.8880468619101884,0.9337102549337701,0.9375071426001027,0.898306841490079,0.9203212450964647,0.9322455830334548,0.8826689105871683,0.8120457010067229,0.8880361254028722,0.9138958299856407,0.9211439831562781,0.916637134318886,0.9657984939785718,0.9548018425198083,0.9623186178857119,0.943334662900151,0.97151062588557,0.9676533147396172,0.9078740998554946,0.936900787762963,0.9486018131001243,0.9514744543826912,0.9208527525341949,0.9204112922522024,0.9250717014952197,0.9374093927507542,0.9100272304852915,0.8976427162562802,0.9415325590442646,0.9229199029465907,0.9394107600425757,0.9377589459877324,0.9528354034501432,0.9512851207189067,0.9632122112192901,0.9728288736992655,0.954700480806815,0.9198873807056507,0.9609473340008716,0.9024811826901193,0.9132805315137216,0.8604413598619942,0.9249095634266289,0.9197870859751367,0.9322416702946366,0.9365552993886431,0.9408332609903398,0.9583441940401107,0.9524834649454896,0.9180804758825452,0.9019846262361798,0.870553557853263,0.8380156405520448,0.8877353139310957,0.8768874394134281,0.8677642901036902,0.8893936389552394,0.9012550613141271,0.8862940616273004,0.8838808146476475,0.8727975330117607,0.8160307361946623,0.8586540025725367,0.807682610912406,0.8349859434628031,0.787827262850071,0.788235733777469,0.8139830920655928,0.8572056827077114,0.8780203242762424,0.936293654953573,0.9512699406113665,0.9354202730884211,0.930935906091269,0.92841287541141,0.9350590985372013,0.922417585489787,0.9188072099269589,0.884520419364457,0.8284852418609027,0.8012475773318856,0.7458338601956837]},"qmean_version":"4.3.1"},"title":"Modelling","endtime":"18-11-24 (17:57:56)","mod_engine":["ProMod3"],"ProMod3":{"version":"3.4.1"},"ProMod":null,"MODELLER":null,"SPDBV":null}}
