{"modelling":{"id":"d2047941be3b83cc00126c90fd376d053a6a255f","trg_seq":"MTLSILVAHDLQRVIGFENQLPWHLPNDLKHVKKLSTGHTLVMGRKTFESIGKPLPNRRNVVLTSDTSFNVEGVDVIHSIEDIYQLPGHVFIFGGQTLFEEMIDKVDDMYITVIEGKFRGDTFFPPYTFEDWEVASSVEGKLDEKNTIPHTFLHLIRKK","tpl_seq":"-TLSILVAHDLQRVIGFENQLPWHLPNDLKHVKKLSTGHTLVMGRKTFESIGKPLPNRRNVVLTSDTSFNVEGVDVIHSIEDIYQLPGHVFIFGGQTLFEEMIDKVDDMYITVIEGKFRGDTFFPPYTFEDWEVASSVEGKLDEKNTIPHTFLHLIRKK","pdb_id":"3fyw","chain":"A","method":"X-RAY DIFFRACTION","short_method":"X-ray","coverage":0.9937106966972351,"resolution":2.0999999046325684,"description":"Dihydrofolate reductase","seq_sim":0.6194087266921997,"assembly_id":1,"score":2.195772647857666,"pred_lddt":0.9834291934967041,"seq_id":100.0,"found_by":"HHblits","oligo_state":"monomer","comment":"e_value=1.8e-40, p_value=1.2e-44, score=247.1, ss_score=21.4, prob=100, gmqe_dist_const=0.9621888995170593, gmqe_reduced=0.061564765870571136, gmqe_cb_packing=-0.1056206002831459, gmqe_torsion=-0.441800057888031, gmqe_ss_agreement=0.8645890355110168, gmqe_coverage=0.9937106966972351, gmqe_seq_id=100.0, gmqe_seq_sim=0.6194093227386475, gmqe_n_insertions=0, gmqe_n_deletions=0, gmqe_seqres_length=159, gmqe_seqres_coverage=0.9937106918238994, gmqe_profile_aln_score=247.1, gmqe_avg_entropy=2.138794183731079","offset":0,"afdb_struct_serve_idx":null,"starttime":"18-11-24 (17:57:45)","QMean":{"global_scores":{"qmean4_norm_score":0.8137793691133537,"qmean4_z_score":0.6996123790982236,"qmean6_norm_score":0.8215846840288268,"qmean6_z_score":0.8617328406767902,"interaction_norm_score":-0.02773516258236634,"interaction_z_score":0.3200317573751249,"cbeta_norm_score":-0.012575159666798582,"cbeta_z_score":-0.19572386118640708,"packing_norm_score":-0.39732868817363737,"packing_z_score":0.32032731321950847,"torsion_norm_score":-0.4211341736168456,"torsion_z_score":0.6412963672310572,"ss_agreement_norm_score":0.8759069672632444,"ss_agreement_z_score":1.3870371897746312,"acc_agreement_norm_score":0.6012658227848101,"acc_agreement_z_score":-0.5721310940493416,"avg_local_score":0.9074507850988148,"avg_local_score_error":0.066},"local_scores":{"A":[null,0.9247455690654889,0.9420830836555016,0.9616580861536727,0.9655893740948085,0.9567946997407987,0.9617436722861891,0.971442187913059,0.9494723811780483,0.9522257592540182,0.942487153520651,0.8965281880148099,0.8909165921892732,0.949355931926348,0.9379966384741956,0.9248358664258043,0.9065429014563458,0.8408892163840093,0.8727458247147056,0.8573266354947491,0.9138485056552245,0.9276742895287972,0.8923581180975644,0.9029720054949737,0.936792201803354,0.9361606820175614,0.9188942078390743,0.9309669713153186,0.9116763257626682,0.8755394166664814,0.8863127319751001,0.931304528218502,0.8809795111354062,0.8653877073401085,0.9252411350781041,0.9307320655783566,0.9081379787374161,0.9063542988475957,0.9135175234194854,0.9496116016420811,0.9589926755419068,0.978996861276938,0.9367796644858402,0.9625418113118102,0.8876921984496581,0.8927139044807967,0.9334909924672051,0.9244380828834003,0.873441016459184,0.882390662649669,0.8881007561649669,0.9046893834805413,0.8760431659317847,0.9297224082191411,0.9128120927877289,0.9218363665174993,0.8889621424551585,0.8706206634894584,0.8896554048652061,0.9472272225926864,0.9677045140384842,0.9620910441106852,0.9483202859835649,0.9295758858000296,0.8204456651391461,0.802578696425804,0.7807152660709157,0.8063007713348025,0.7981166808935505,0.8335672496804589,0.824438431277632,0.8455989602681349,0.9256294224495336,0.9341833381836211,0.9276868923257258,0.918077531966949,0.9360276474034146,0.8872823148226171,0.9325390998177175,0.939883364649552,0.9011242990851291,0.9250644397129857,0.9315902155775004,0.8954271461194241,0.8274122207202808,0.9060047827937934,0.9182841017156391,0.9214064994086872,0.9147523580909485,0.9660887491379674,0.9563486642351232,0.961344025219238,0.9432762510714188,0.9730250761516368,0.9701510706469575,0.9126221668420326,0.9410509776763303,0.950014174471953,0.9503785170000494,0.9242144766390353,0.9229188064910758,0.9240392271646458,0.937757369551722,0.9142572216838036,0.9008815263690213,0.9455782354867224,0.9270043674060354,0.940256791257125,0.9370529498399847,0.9520384870805343,0.948661197307808,0.9591277506903199,0.9683682514270181,0.9528007922229742,0.9146157121887599,0.9505018848924415,0.8936815758911743,0.9099858688472733,0.8639496188420658,0.9283243844766746,0.9202508934029487,0.9304511182222177,0.9351610192411222,0.9372935115524397,0.9555897252492704,0.9457133917717065,0.9129355442590993,0.88029492552323,0.864198064565756,0.8380021822433872,0.9019806123690854,0.8785452864087011,0.8691800548983667,0.8877667536763788,0.8991801466329538,0.8806319080498828,0.8711718527084884,0.8640619558105096,0.8097784648454935,0.8575797147119397,0.8035978499904592,0.8306711048239976,0.78783658932885,0.7896088917813264,0.8085649640674375,0.8533667396798267,0.8789530942750142,0.938849642646732,0.9553524160104739,0.9340328091441202,0.9309121745956248,0.924744517349927,0.9322341433712231,0.9209272241463762,0.917384244736966,0.8903324643122333,0.8417631083677308,0.8147486378668003,0.7704419642927616]},"qmean_version":"4.3.1"},"title":"Modelling","endtime":"18-11-24 (17:57:54)","mod_engine":["ProMod3"],"ProMod3":{"version":"3.4.1"},"ProMod":null,"MODELLER":null,"SPDBV":null}}
