{"modelling":{"id":"6643450821ea5837329a81c70c5af0f60771256b","trg_seq":"MTLSILVAHDLQRVIGFENQLPWHLPNDLKHVKKLSTGHTLVMGRKTFESIGKPLPNRRNVVLTSDTSFNVEGVDVIHSIEDIYQLPGHVFIFGGQTLFEEMIDKVDDMYITVIEGKFRGDTFFPPYTFEDWEVASSVEGKLDEKNTIPHTFLHLIRKK","tpl_seq":"MTLSILVAHDLQRVIGFENQLPWHLPNDLKHVKKLSTGHTLVMGRKTFESIGKPLPNRRNVVLTSDTSFNVEGVDVIHSIEDIYQLPGHVFIFGGQTLFEEMIDKVDDMYITVIEGKFRGDTFFPPYTFEDWEVASSVEGKLDEKNTIPHTFLHLIRKK","pdb_id":"3sqy","chain":"A","method":"X-RAY DIFFRACTION","short_method":"X-ray","coverage":1.0,"resolution":1.5,"description":"Dihydrofolate reductase","seq_sim":0.6192866563796997,"assembly_id":1,"score":2.209324836730957,"pred_lddt":0.9849984049797058,"seq_id":100.0,"found_by":"HHblits","oligo_state":"monomer","comment":"e_value=1.4e-41, p_value=9e-46, score=257, ss_score=21.2, prob=100, gmqe_dist_const=0.964228630065918, gmqe_reduced=0.04707896336913109, gmqe_cb_packing=-0.10442596673965454, gmqe_torsion=-0.4580904245376587, gmqe_ss_agreement=0.890304684638977, gmqe_coverage=0.9874213933944702, gmqe_seq_id=100.0, gmqe_seq_sim=0.6195328831672668, gmqe_n_insertions=0, gmqe_n_deletions=0, gmqe_seqres_length=159, gmqe_seqres_coverage=1.0, gmqe_profile_aln_score=257.0, gmqe_avg_entropy=2.138794183731079","offset":0,"afdb_struct_serve_idx":null,"starttime":"18-11-24 (17:57:44)","QMean":{"global_scores":{"qmean4_norm_score":0.8224938596151218,"qmean4_z_score":0.8601463897757545,"qmean6_norm_score":0.829400177273153,"qmean6_z_score":0.9958924101676665,"interaction_norm_score":-0.026763881705360263,"interaction_z_score":0.16028615955464104,"cbeta_norm_score":-0.011225350030585174,"cbeta_z_score":-0.45916323544211546,"packing_norm_score":-0.39210559413353113,"packing_z_score":0.24310894445647957,"torsion_norm_score":-0.4593901560965962,"torsion_z_score":0.9042043884001212,"ss_agreement_norm_score":0.8742008098893485,"ss_agreement_z_score":1.3245725620282696,"acc_agreement_norm_score":0.6050955414012739,"acc_agreement_z_score":-0.5219490867251884,"avg_local_score":0.9070904072305641,"avg_local_score_error":0.066},"local_scores":{"A":[null,0.9298234608512883,0.9432502848350441,0.9621349008000374,0.9645718679377945,0.9608715405016324,0.9685762695951278,0.9745273462158548,0.9485972381670235,0.9462009102387265,0.9366762848074663,0.8881295170060858,0.8845313357491169,0.9404997729761587,0.9356809362458756,0.9203098525299798,0.9062917548060009,0.8347444179806189,0.8657322107148739,0.8540976321208886,0.9116658665119691,0.9237162967532607,0.8869188771593072,0.9112477407147211,0.9353044234982679,0.9444993918150858,0.9300100458916759,0.9225868691370767,0.9145139883823274,0.8901159718465537,0.8939521873845947,0.9316550172865656,0.8785074473593611,0.8588168548322572,0.9198574213406826,0.923193146586228,0.8966928867119086,0.8835473111962414,0.9061805413434474,0.9490205839445695,0.9592722771761114,0.9807061485086874,0.9390966385689024,0.9612775782489044,0.8839987221144113,0.8916518950083552,0.9291794563533611,0.9278489434707957,0.8801885756668199,0.8855649731512929,0.894667608509466,0.9144312315972306,0.8914518214844371,0.9340323157853977,0.9200385716254952,0.9241128563132333,0.8859978434946792,0.8653635457588063,0.8901794765457743,0.9478460113774748,0.9662669020390284,0.9641298618270092,0.9420192571883206,0.9234648125164158,0.8053099910604699,0.7949325495611884,0.7800886714135158,0.8059261401017835,0.8038402963413682,0.8332365504674403,0.8407402609361178,0.8416352477110094,0.9188387187052104,0.9347414801960117,0.9285926805355694,0.9219881994671606,0.9272561253768526,0.8727804392336893,0.9140028447973609,0.9373332456881383,0.8986372564564664,0.921394779506839,0.9298138792206204,0.8839552825314516,0.8188357220851322,0.8905957220516256,0.9151002605137069,0.9162928064860371,0.9118519459078335,0.9647119210474087,0.958840417324082,0.9619341421070119,0.9470692800385453,0.9723847364859997,0.968214476597968,0.9083652179565764,0.9376359227278748,0.9481576993014735,0.9520662870132823,0.9229096161325493,0.922388167124646,0.9253428951937607,0.9373685912697228,0.9109896463281462,0.9060180006354497,0.9452662514814374,0.9263867194511415,0.9385792090117531,0.938426749688199,0.9473592446750355,0.9491022805932099,0.9554591842271848,0.9594932678526993,0.9470990083300888,0.9075341626843957,0.9475352695740694,0.888252171989623,0.8960549106784162,0.8469854662298073,0.9263354610938919,0.9128960993710419,0.9284798742328159,0.9267450361724736,0.9364624515106219,0.9552169297014734,0.9481115859606718,0.9125984438806977,0.8874440402243948,0.8537340021518507,0.8308005959443444,0.8938965738770025,0.8658635051844479,0.8549040776622621,0.8794599993730207,0.8922479707124956,0.8806822001579042,0.8810950957729083,0.886778790694412,0.8484170297472504,0.8952860831840851,0.8194320753266755,0.8387738948272632,0.7920590455314336,0.7967565842990627,0.817478470937165,0.8713090552912752,0.8799255843135447,0.9328036678005194,0.9554663292885595,0.941413217444715,0.9360752881766703,0.9295014811783958,0.9312528022924133,0.916414573256254,0.9146179988604156,0.8781803328250518,0.7802071972971248,0.8183807514316241,null]},"qmean_version":"4.3.1"},"title":"Modelling","endtime":"18-11-24 (17:57:52)","mod_engine":["ProMod3"],"ProMod3":{"version":"3.4.1"},"ProMod":null,"MODELLER":null,"SPDBV":null}}
