{"modelling":{"id":"840875aa48574d44f544465e96a8e1d3df5c2b32","trg_seq":"MTLSILVAHDLQRVIGFENQLPWHLPNDLKHVKKLSTGHTLVMGRKTFESIGKPLPNRRNVVLTSDTSFNVEGVDVIHSIEDIYQLPGHVFIFGGQTLFEEMIDKVDDMYITVIEGKFRGDTFFPPYTFEDWEVASSVEGKLDEKNTIPHTFLHLIRKK","tpl_seq":"-TLSILVAHDLQRVIGFENQLPWHLPNDLKHVKKLSTGHTLVMGRKTFESIGKPLPNRRNVVLTSDTSFNVEGVDVIHSIEDIYQLPGHVFIFGGQTLFEEMIDKVDDMYITVIEGKFRGDTFFPPYTFEDWEVASSVEGKLDEKNTIPHTFLHLIRKK","pdb_id":"3sr5","chain":"A","method":"X-RAY DIFFRACTION","short_method":"X-ray","coverage":0.9937106966972351,"resolution":1.6800000667572021,"description":"Dihydrofolate reductase","seq_sim":0.6194087266921997,"assembly_id":1,"score":2.195772647857666,"pred_lddt":0.982431948184967,"seq_id":100.0,"found_by":"HHblits","oligo_state":"monomer","comment":"e_value=2.8e-41, p_value=1.8e-45, score=255.1, ss_score=21, prob=100, gmqe_dist_const=0.9641050100326538, gmqe_reduced=0.04849230498075485, gmqe_cb_packing=-0.10105062276124954, gmqe_torsion=-0.4517837166786194, gmqe_ss_agreement=0.890304684638977, gmqe_coverage=0.9874213933944702, gmqe_seq_id=100.0, gmqe_seq_sim=0.6195328831672668, gmqe_n_insertions=0, gmqe_n_deletions=0, gmqe_seqres_length=159, gmqe_seqres_coverage=0.9937106918238994, gmqe_profile_aln_score=255.1, gmqe_avg_entropy=2.138794183731079","offset":0,"afdb_struct_serve_idx":null,"starttime":"18-11-24 (17:57:51)","QMean":{"global_scores":{"qmean4_norm_score":0.8257316604456646,"qmean4_z_score":0.9256227861837731,"qmean6_norm_score":0.8328527995032128,"qmean6_z_score":1.0639640205445124,"interaction_norm_score":-0.026635852385057245,"interaction_z_score":0.13962377463891512,"cbeta_norm_score":-0.011655198117429334,"cbeta_z_score":-0.37676084379621144,"packing_norm_score":-0.39913931558988275,"packing_z_score":0.3399842518467669,"torsion_norm_score":-0.4619329814027593,"torsion_z_score":0.9222532744117462,"ss_agreement_norm_score":0.8725567057396576,"ss_agreement_z_score":1.3137107306205338,"acc_agreement_norm_score":0.6114649681528662,"acc_agreement_z_score":-0.4545498049119744,"avg_local_score":0.9093868676228813,"avg_local_score_error":0.066},"local_scores":{"A":[null,0.9349294157584396,0.9466861168141159,0.961877730117731,0.9654979930389659,0.9575120501134184,0.9674471804515693,0.9734632327283252,0.952302438225592,0.9503512137214829,0.9417074643142005,0.8944082384429108,0.8898580079126271,0.9494290531308873,0.94112240859134,0.929663726693911,0.9075470191869626,0.8299401220246836,0.8629572077440351,0.8606652357907271,0.9107207615415341,0.9265221663969923,0.8924231635085018,0.9042067395798782,0.9382734148318812,0.9445920736532232,0.9275772561051476,0.931211846858766,0.9140532121951709,0.8818683597300092,0.8917089111877667,0.9327851794241442,0.8758062731434414,0.8550357618079641,0.9240306711448903,0.9300382931571569,0.9006273651706556,0.8976803003606647,0.9127846177266803,0.9498901788425889,0.9583062088548983,0.9786569830742682,0.936851444479469,0.9638054091073135,0.8841942505601436,0.8930324526249546,0.9315820882417246,0.9250984975837203,0.8826286730552507,0.8888595086863254,0.905982849741959,0.9173983857037254,0.8811854228929312,0.9293777840245607,0.9108404615766152,0.9135896815565293,0.8866655771419062,0.8684800229746671,0.8895276308061236,0.9465369585270803,0.9672939393913124,0.9641615006104027,0.9471500192149928,0.9295879025218418,0.8295382811515717,0.8171572330479832,0.7974508184556484,0.7996240334071139,0.817292001189996,0.8424917834367651,0.841464095820774,0.842924745897971,0.9145817846399148,0.9371625003085053,0.9307382108696516,0.9237446064954552,0.9358458854625099,0.8889425314617165,0.9350215763518206,0.9426047338240707,0.9030289082919035,0.9255437199181377,0.9324274535108001,0.8885441906615459,0.8230524353179343,0.8963600331910923,0.9146607588498539,0.9242302964082207,0.9181239918013939,0.9659536368866516,0.9559266617525585,0.9610909316682351,0.9428775485018421,0.972714087223869,0.9672761014233401,0.9089869903455836,0.9395763622922001,0.9504120149443358,0.9502372165065546,0.9214321644474743,0.921211322313544,0.9241501935491403,0.9368038708015382,0.9114205803877579,0.9042894781871388,0.9455557140210817,0.9273108778611602,0.9394848863985713,0.9382499724996481,0.9531915565925386,0.9510451177511134,0.959677278178265,0.969593102539249,0.9540883591530906,0.9147459851192439,0.9532988067808562,0.8957722887160542,0.8937045828843904,0.8478982373290618,0.9282397670086998,0.9211970582620334,0.9357191847962888,0.9349335200163589,0.9394953441505525,0.9547312830711161,0.948254097629154,0.90996023573517,0.8853846488452523,0.8626345474096804,0.8311317766812711,0.8935986877859632,0.8712132149783932,0.8608478088957229,0.8841022441056249,0.8974199119021671,0.8816271487633217,0.8805355647486054,0.8882193846385935,0.8438381753091364,0.8942349004343103,0.820403923345478,0.8441908650641314,0.7823997963371205,0.7933260325043789,0.8106408920422469,0.868458356672086,0.8785087118787099,0.9391249331816199,0.9570307784250771,0.9413425384035666,0.9376986213172068,0.9307377598221895,0.9334806958553249,0.9205016482214151,0.9168118809092979,0.8861107346376852,0.7911834741967692,0.8139394778604787,null]},"qmean_version":"4.3.1"},"title":"Modelling","endtime":"18-11-24 (17:58:00)","mod_engine":["ProMod3"],"ProMod3":{"version":"3.4.1"},"ProMod":null,"MODELLER":null,"SPDBV":null}}
