{"modelling":{"id":"eb3502dbdecbd7b97c26ebe46ef16aa7393305ba","trg_seq":"MTLSILVAHDLQRVIGFENQLPWHLPNDLKHVKKLSTGHTLVMGRKTFESIGKPLPNRRNVVLTSDTSFNVEGVDVIHSIEDIYQLPGHVFIFGGQTLFEEMIDKVDDMYITVIEGKFRGDTFFPPYTFEDWEVASSVEGKLDEKNTIPHTFLHLIRKK","tpl_seq":"MTLSILVAHDLQRVIGFENQLPWHLPNDLKHVKKLSTGHTLVMGRKTFESIGKPLPNRRNVVLTSDTSFNVEGVDVIHSIEDIYQLPGHVFIFGGQTLFEEMIDKVDDMYITVIEGKFRGDTFFPPYTFEDWEVASSVEGKLDEKNTIPHTFLHLIRKK","pdb_id":"6pr6","chain":"A","method":"X-RAY DIFFRACTION","short_method":"X-ray","coverage":1.0,"resolution":2.009999990463257,"description":"Dihydrofolate reductase","seq_sim":0.6192866563796997,"assembly_id":1,"score":2.209324836730957,"pred_lddt":0.9865379929542542,"seq_id":100.0,"found_by":"HHblits","oligo_state":"monomer","comment":"e_value=2.4e-42, p_value=1.6e-46, score=258.1, ss_score=21.5, prob=100, gmqe_dist_const=0.9643174409866333, gmqe_reduced=0.06350637972354889, gmqe_cb_packing=-0.10188065469264984, gmqe_torsion=-0.47294124960899353, gmqe_ss_agreement=0.8891069293022156, gmqe_coverage=0.9937106966972351, gmqe_seq_id=100.0, gmqe_seq_sim=0.6194093227386475, gmqe_n_insertions=0, gmqe_n_deletions=0, gmqe_seqres_length=159, gmqe_seqres_coverage=1.0, gmqe_profile_aln_score=258.1, gmqe_avg_entropy=2.138794183731079","offset":0,"afdb_struct_serve_idx":null,"starttime":"18-11-24 (17:57:44)","QMean":{"global_scores":{"qmean4_norm_score":0.823250649742453,"qmean4_z_score":0.8975732352281645,"qmean6_norm_score":0.8322485325152649,"qmean6_z_score":1.0794130497269139,"interaction_norm_score":-0.02618518514968337,"interaction_z_score":0.06822242060700363,"cbeta_norm_score":-0.011385071314237659,"cbeta_z_score":-0.42634835622383543,"packing_norm_score":-0.3993667332997805,"packing_z_score":0.3485162887636993,"torsion_norm_score":-0.4564176393497445,"torsion_z_score":0.8993110357532571,"ss_agreement_norm_score":0.8731050438282988,"ss_agreement_z_score":1.367943622715146,"acc_agreement_norm_score":0.620253164556962,"acc_agreement_z_score":-0.3748510907358879,"avg_local_score":0.9087167485970409,"avg_local_score_error":0.066},"local_scores":{"A":[null,0.9380187870133322,0.9542018581364325,0.9619427791719114,0.96298661542791,0.9541586012746032,0.962646118068389,0.9753908611798127,0.952715408669097,0.9551037534096579,0.9455556689452397,0.8977157023548721,0.8937032973479219,0.9480546416352593,0.9427090240519267,0.9286562972401631,0.9112823318081946,0.8450297207325477,0.8811033606980399,0.864765506471866,0.9158099517120396,0.9317338727611251,0.893973181346889,0.9066708835701782,0.9387611277373691,0.9409893343427473,0.9223948219644824,0.9354394257207646,0.9134171878028882,0.8828868881463167,0.8890426608763354,0.9282731775123341,0.8758102825683692,0.8654952630314817,0.9186182655619523,0.9280274183024039,0.8988035039066951,0.884490044756456,0.9147091719442458,0.9497942986889102,0.9596530712745943,0.9805672291981028,0.9383948888841104,0.958623101692958,0.889170096604269,0.8924424614785398,0.9315355334306267,0.9287181958204608,0.8890901532210992,0.8980796832889208,0.9013796589487136,0.9321765417268334,0.8969024333859217,0.9387747821180871,0.9228296720016336,0.9216369999940364,0.8881229372878573,0.8705732650082119,0.895118729100617,0.9523241774439386,0.9683481201364073,0.9651213472017639,0.9473348184840129,0.9269075651317253,0.8240464855566447,0.802946771690246,0.7861886640118831,0.7922925105160773,0.8006414205733126,0.8488103059550905,0.861445848674111,0.8606410071724941,0.9383229810903521,0.9464785024493034,0.9379575936526968,0.9278148802993167,0.9317888736077551,0.8792373399860787,0.9225847623979874,0.935603392003524,0.8986982376826946,0.920144471600564,0.9339046166195333,0.8859018298174228,0.8103263670633303,0.8837153100541795,0.9159183981079893,0.9210213442251168,0.9168369737112921,0.9653421853082496,0.9552386646416684,0.9620087659666261,0.9442221456986257,0.9705411014339576,0.9662612358741797,0.9067148350329162,0.9331096453665619,0.9460166669293807,0.9507742447486334,0.9218107497479404,0.9216963311221603,0.9258670123417824,0.9360045707274182,0.9107295342570113,0.899793029788694,0.9439454988801711,0.9226951002589804,0.9386805829426884,0.9368000589287983,0.9539608092522176,0.9501554783848143,0.9628779851483926,0.9716070578183622,0.9541167979654314,0.917449605770122,0.9568343857913064,0.8975708996663383,0.9069785861189876,0.8566946959998358,0.9276557035042512,0.9218285272487452,0.9314961875716952,0.9354267822386828,0.9403322189929739,0.9546533232999768,0.9464968687541849,0.9158097109632721,0.8863955517981806,0.8588040759180652,0.8320912100764694,0.884100429421509,0.8763133709899934,0.866899168454783,0.8889258328994947,0.9012970086340015,0.8884188645629562,0.8767948157283945,0.8498034099888991,0.8075723720117342,0.859264195430434,0.8264274130761085,0.8412801911549473,0.8257501984570768,0.790218490548236,0.8020662565226884,0.8734192174950375,0.8786756826079973,0.9399446071497,0.9508219686347423,0.9345406768604216,0.9368098314563862,0.9283380706442939,0.9339414976875775,0.9224961666502772,0.9184764193663219,0.8800288492901922,0.8139141021033152,0.8101256623828368,0.7451176385697845]},"qmean_version":"4.3.1"},"title":"Modelling","endtime":"18-11-24 (17:57:53)","mod_engine":["ProMod3"],"ProMod3":{"version":"3.4.1"},"ProMod":null,"MODELLER":null,"SPDBV":null}}
